BEGIN TRANSACTION;
CREATE TABLE IF NOT EXISTS `table_sublocation` (
	`Location`	varchar ( 45 ) NOT NULL,
	`Bus Number`	varchar ( 45 ) NOT NULL,
	`Sublocation`	varchar ( 45 ) NOT NULL,
	PRIMARY KEY(`Location`,`Bus Number`)
);
INSERT INTO `table_sublocation` (Location,Bus Number,Sublocation) VALUES ('SAP Gurugram','1','Gurugram'),
 ('SAP Gurugram','10','Delhi'),
 ('SAP Gurugram','11','Delhi'),
 ('SAP Gurugram','12','Delhi'),
 ('SAP Gurugram','13','Delhi'),
 ('SAP Gurugram','14','Delhi'),
 ('SAP Gurugram','15','Delhi'),
 ('SAP Gurugram','16','Ghaziabad'),
 ('SAP Gurugram','17','Noida'),
 ('SAP Gurugram','2','Gurugram'),
 ('SAP Gurugram','3','Gurugram'),
 ('SAP Gurugram','4','Ghaziabad'),
 ('SAP Gurugram','5','Gurugram'),
 ('SAP Gurugram','6','Delhi'),
 ('SAP Gurugram','7','Faridabad'),
 ('SAP Gurugram','8','Noida'),
 ('SAP Gurugram','9','Delhi');
CREATE TABLE IF NOT EXISTS `table_stopdetails` (
	`Stop`	varchar ( 95 ) NOT NULL,
	`Latitude`	decimal ( 8 , 6 ) NOT NULL,
	`Longitude`	decimal ( 8 , 6 ) NOT NULL,
	`Pickup`	varchar ( 45 ) NOT NULL,
	PRIMARY KEY(`Stop`)
);
INSERT INTO `table_stopdetails` (Stop,Latitude,Longitude,Pickup) VALUES (' Purana bus addan  ( Below Flyover)',28.670256,77.431217,'6:55 AM'),
 ('32nd Mile Stone',28.461721,77.050088,'7:56 AM'),
 ('Addheria Mor',28.507919,77.172242,'8:05 AM'),
 ('Ajrondha ',28.396426,77.317007,'7:37 AM'),
 ('Ankhir chowk',28.426396,77.291231,'7:45 AM'),
 ('Anupam Appts',28.597734,77.315034,'7:47 AM'),
 ('Aryasamaj Mode(Milan Restaurant)',28.388683,77.301097,'7:30 AM'),
 ('Ashram Red Light',28.656467,77.231253,'7:34 AM'),
 ('Atul Kataria Cwk',28.48144,77.049137,'8:02 AM'),
 ('Badarpur ',28.503961,77.301828,'7:37 AM'),
 ('Badkal turn ',28.426682,77.2952,'7:42 AM'),
 ('Basai Chowk',28.45739,76.99025,'7:25 AM'),
 ('Bata chowk',28.385961,77.31343,'7:35 AM'),
 ('Ber Sarai ( Market)',28.549564,77.180888,'7:52 AM'),
 ('Between IMT & Devilal Park',28.432467,77.091339,'8:01 AM'),
 ('Bhairav Mandir',28.592091,77.194592,'7:22 AM'),
 ('Bhika Ji Kama Place (Subway)',28.576281,77.195067,'7:47 AM'),
 ('Blossom /C-1',28.502007,77.025771,'7:50 AM'),
 ('Bus Stop ( RK Puram)',28.562848,77.178377,'7:51 AM'),
 ('Chirag Delhi',28.537632,77.228286,'7:32 AM'),
 ('Civil Lines Metro Station',28.676949,77.225002,'7:18 AM'),
 ('Commissioner Office Sector 17',28.736266,77.112967,'6.50 AM'),
 ('Cresent Appts ',28.591903,77.034827,'7:28 AM'),
 ('Dilshad Garden Metro Station',28.67585,77.321511,'6:40 AM'),
 ('DLF Phase V',28.447691,77.094778,'8:25 AM'),
 ('DLTA',28.560111,77.188393,'7:49 AM'),
 ('DPS Chowk',28.689101,77.436395,'7:07 AM'),
 ('Ekta Apartments',28.670068,77.09889,'7:39 AM'),
 ('Essel Tower (iffco Chowk)',28.47767,77.0739,'8:03 AM'),
 ('Gaur Chowk (Kisan chowk)',28.607912,77.426607,'6:55 AM'),
 ('Gold Souk',28.453963,77.051116,'8:21 AM'),
 ('Goodwill Apartment Sector 13',28.720819,77.134549,'7.04 AM'),
 ('Hari Nagar',28.62486,77.110868,'7:28 AM'),
 ('Hasanpur Depo after Redlight',28.63595,77.310154,'6:56 AM'),
 ('Indrapuram ',28.641485,77.371386,'7:18 AM'),
 ('Indrapuram Public School',28.646277,77.41834,'6:55 AM'),
 ('Janakpuri D-block bus stop',28.610979,77.103601,'7:26 AM'),
 ('Jhandewalan Metro station ',28.644314,77.199863,'7:37 AM'),
 ('JMD Tower',28.481229,77.084865,'8:08 AM'),
 ('Kalindi Kunj',28.549533,77.316494,'7:27 AM'),
 ('Kalka Ji (Under Nehru Pl Fly Over after red light)',28.551288,77.258683,'7:27 AM'),
 ('Lajpat Nagar',28.567695,77.243272,'7:37 AM'),
 ('Lal Path Labs Sector-18',28.572473,77.323069,'6.55 AM'),
 ('Laxmi Bai College',28.685431,77.182136,'7:07 AM'),
 ('Laxmi Nagar  (After Redlight)',28.642596,77.281726,'7:05 AM'),
 ('Laxmi Nagar Red Light',28.642596,77.281726,'7:04 AM'),
 ('Madhuban Chowk',28.704786,77.132124,'7.10 AM'),
 ('Maharani Bagh',28.571498,77.264026,'7:32 AM'),
 ('Manav Vihar Sector 15',28.731704,77.134232,'6.58 AM'),
 ('Mangal Chowk',28.646982,77.358601,'7:15 AM'),
 ('Manglapuri ',28.598478,77.094457,'7:05 AM'),
 ('Mata Road CRPF Camp',28.47808,77.035037,'8:00 AM'),
 ('Mata Road Opp. Dev Restuarent',28.471187,77.034146,'7:55 AM'),
 ('Mayur Vihar - 1, Main Road ',28.589213,77.304585,'7:20 AM'),
 ('Mayur Vihar - 2, Red Light',28.622061,77.300993,'7:12 AM'),
 ('MDI Chowk Bata Showroom',28.474168,77.0567,'7:55 AM'),
 ('Meera Bagh Stands',28.659167,77.091651,'7:08 AM'),
 ('Mehrauli',28.521208,77.178983,'7:52 AM'),
 ('MG Road metro Stn',28.4796,77.079877,'8:05 AM'),
 ('Mohamaedpur Bus Stop',28.56491,77.189132,'7:48 AM'),
 ('Mohan Nagar(Red Light Chowk)',28.672818,77.386284,'7:05 AM'),
 ('Mother Dairy Redlight (purana qila)',28.61672,77.24039,'7:07 AM'),
 ('Moti Nagar',28.662345,77.141081,'7:10 AM'),
 ('Moti Nagar Fun Cinema',28.656197,77.137371,'7:12 AM'),
 ('Myapuri Chowk',28.638497,77.12941,'7.30 AM'),
 ('Nangia Park Chowk ',28.67953,77.193979,'7:12 AM'),
 ('Naya Bus Adda (Merut Mode)',28.670703,77.415177,'7:00 AM'),
 ('Near Metro Line Sector-13',28.597139,77.033463,'7:26 AM'),
 ('Nirman Vihar Metro Stn (Redlight)',28.636573,77.286904,'6:58 AM'),
 ('Noida More Flyover',28.535516,77.391026,'7:16 AM'),
 ('Old Faridabad',28.42032,77.314209,'7:40 AM'),
 ('Pahari ',28.482626,77.298696,'7:57 AM'),
 ('Palam Vihar -Vyapar Kendra',28.508212,77.031203,'7:53 AM'),
 ('Palam Vihar (Near Rana Properties)',28.508533,77.031416,'7:55 AM'),
 ('Pankha road Uttam nagar more',28.611477,77.089929,'7:23 AM'),
 ('Paramount Floraville,Sector-137,Expressway,Noida.',28.509823,77.40661,'6:45 AM'),
 ('Park Plaza Round About',28.459545,77.075774,'8:20 AM'),
 ('Patel Nagar Thana',28.652375,77.158084,'7:05 AM'),
 ('Peeple Chowk',28.64546,77.374263,'7:09 AM'),
 ('Peeragahri Chowk',28.679654,77.091566,'7:00 AM'),
 ('Peeragahri Depot',28.674975,77.094482,'7:04 AM'),
 ('Pitam Pura TV Tower',28.697414,77.150204,'6:50 AM'),
 ('Prashant Vihar',28.715741,77.135145,'7.07 AM'),
 ('Preet Vihar(Bus Stop)',28.636746,77.287503,'6:57 AM'),
 ('Pulbangash Red Light',28.666398,77.207372,'7:27 AM'),
 ('Punj Sons',28.538937,77.259309,'7:19 AM'),
 ('Punjabi Bagh',28.661975,77.124156,'7.25 AM'),
 ('PVR',28.523693,77.207065,'7:42 AM'),
 ('Raja Garden',28.652155,77.125146,'7.28 AM'),
 ('Ramada hotel ',28.449899,77.071118,'8:08 AM'),
 ('Ramprasth (underpass)',28.704059,77.10249,'6:48 AM'),
 ('Rani Bagh',28.615573,77.071817,'7.15 AM'),
 ('Round about (Fresco chowk)',28.46512,77.51098,'6:47 AM'),
 ('Safdurjung Enclave Stadium',28.559371,77.188241,'7:50 AM'),
 ('Sagarpur Hanuman Mandir',28.607062,77.10547,'7:31 AM'),
 ('Sai Baba Mandir ',28.533316,77.230867,'7:08 AM'),
 ('Sainik colony',28.397984,77.276433,'7:55 AM'),
 ('Samachar apt.',28.596601,77.294769,'7:21 AM'),
 ('Santoshi Mata Mandir(Jail Road)',28.625576,77.100391,'7:25 AM'),
 ('Sarita Vihar',28.527958,77.289785,'7:35 AM'),
 ('Savitri',28.568735,77.189089,'7:30 AM'),
 ('Sec 21 Garden Estate (Metro STN)',28.552332,77.058389,'7:51 AM'),
 ('Sec 22,23  (After Red Light)',28.564646,77.05814,'7:43 AM'),
 ('Sec-110 Market',28.533715,77.38762,'6:58 AM'),
 ('Sec-22 Mkt Mother Dairy',28.502762,77.062373,'8:03 AM'),
 ('Sec-56 (CNG Pump)',28.426217,77.096765,'8:18 AM'),
 ('Sector - 25 Spice Mall',28.586381,77.341361,'7:10 AM'),
 ('Sector - 25A',28.585965,77.344646,'7:08 AM'),
 ('Sector - 27',28.575083,77.328135,'7:12 AM'),
 ('Sector - 39 (Near Golf Course)',28.562363,77.345364,'7:18 AM'),
 ('Sector - 50(shurbhi Hospital)',28.579127,77.361248,'6:58 AM'),
 ('Sector - 51 (Near Kendriya Vihar)',28.57886,77.364385,'7:00 AM'),
 ('Sector -17 Opp. Saini Restuarent',28.515973,77.03592,'7:58 AM'),
 ('Sector 10 A Gurgaon',28.44911,77.004266,'7:15 AM'),
 ('Sector 100- Lotus boulevard',28.544832,77.368691,'7:16 AM'),
 ('Sector 40 Market',28.449357,77.057295,'8:05 AM'),
 ('Sector 7 Geeta Ratan Jindal School',28.711786,77.119046,'6.45 AM'),
 ('Sector 76 - Amraplai silicon city red-light',28.567713,77.380121,'7:10 AM'),
 ('Sector 9 School',28.579085,77.066795,'7:39 AM'),
 ('Sector 9 SFS Flats',28.583961,77.065785,'7:38 AM'),
 ('Sector-14 Market Om Sweets',28.47354,77.047747,'8:05 AM'),
 ('Sector-15 (jhadsa Chowk)',28.454394,77.039154,'7:55 AM'),
 ('Sector-17 Main Gate',28.479161,77.059325,'7:57 AM'),
 ('Sector-17C Last Gate',28.473934,77.062881,'8:00 AM'),
 ('Sector-19 Crossing',28.576367,77.056807,'7:30 AM'),
 ('Sector-23 (Swiss Cottage School Road)',28.515901,77.050398,'7:57 AM'),
 ('Sector-30 Jalvayu Tower',28.458781,77.052489,'8:01 AM'),
 ('Sector-4 Delhi EPDP Appts',28.60248,77.043659,'7:25 AM'),
 ('Sector-4 Om Satyam Appts.',28.604585,77.04979,'7:22 AM'),
 ('Sector-4 Police Check Post',28.59552,77.060753,'7:48 AM'),
 ('Sector-5 Hind Appts.',28.600942,77.058231,'7:20 AM'),
 ('Sector-5 Market (Pizza Hut)',28.596812,77.050767,'7:33 AM'),
 ('Sector-6 Market Canara Bank',28.59159,77.05862,'7:35 AM'),
 ('Sector-7 (End of Flyover SFS Flats)',28.584291,77.071556,'7:18 AM'),
 ('Sector-7 Round About',28.47283,77.017708,'7:45 AM'),
 ('Select City Mall',28.528508,77.219101,'7:37 AM'),
 ('Shanti Gopal Hospital',28.641835,77.379251,'7:05 AM'),
 ('Sheetla Properties',28.511729,77.055007,'7:59 AM'),
 ('Sheikh Sarai',28.536316,77.221834,'7:34 AM'),
 ('Shipra Rivera',28.64524,77.355373,'7:16 AM'),
 ('Shivam Hospital',28.457353,77.053734,'8:02 AM'),
 ('Shyam Lal College, Shahdara',28.674037,77.281747,'6:30 AM'),
 ('Sikanderpur Metro Stn.',28.481315,77.093002,'8:10 AM'),
 ('Sohna road subhash chowk(End Of flyover)',28.427572,77.036327,'7:40 AM'),
 ('Sri Venkateshwara School',28.58895,77.038922,'7:29 AM'),
 ('Sufdurjung Hospital',28.568068,77.205809,'7:42 AM'),
 ('Sunder Vihar',28.664129,77.089542,'7:07 AM'),
 ('Sushant Estate -RD City',28.444265,77.076765,'8:11 AM'),
 ('Swarn Jyanti Park',28.645183,77.368116,'7:10 AM'),
 ('T Point Jharsa Road',28.451623,77.04221,'8:03 AM'),
 ('T Point Old Delhi Road',28.488857,77.055837,'8:06 AM'),
 ('Tagore Garden Metro Station',28.643825,77.112861,'7:15 AM'),
 ('Tara Apartments',28.523802,77.255012,'7:12 AM'),
 ('Tilak Nagar Metro Station',28.636505,77.096489,'7:20 AM'),
 ('Tilak Nagar Police Station',28.638822,77.101813,'7:17 AM'),
 ('Vaishali Metro',28.649825,77.339797,'7:15 AM'),
 ('Valley View',28.43562,77.136292,'8:15 AM'),
 ('Vasant Kunj (Church)',28.516379,77.161905,'7:58 AM'),
 ('Vasant Kunj (Fab India)',28.542734,77.156369,'7:54 AM'),
 ('Vasant Kunj (Fortis Hospital)/B-1',28.51921,77.160403,'7:56 AM'),
 ('Vasant Kunj (Suncity Mall)',28.524783,77.156543,'7:55 AM'),
 ('Vasant Vihar (Near Vasant Cont. Road)',28.56414,77.160955,'7:53 AM'),
 ('Vasundhara (Indrapuram Mode)',28.647675,77.377738,'7:07 AM'),
 ('Vasundhara Mandi',28.661483,77.357054,'7:10 AM'),
 ('Vikaspuri ',28.638753,77.073803,'7:14 AM'),
 ('Vikaspuri Gurdwara',28.638428,77.073631,'7:17 AM'),
 ('Vikaspuri Radhakrishan Mandir',28.638753,77.073803,'7:20 AM'),
 ('Vishwa Vidyalaya (INS Hostel Bus Stand)',28.694721,77.214603,'7:15 AM'),
 ('Vivek Vihar - Sec 82',28.528267,77.390936,'6:55 AM'),
 ('Vivek Vihar Red Light',28.667516,77.321117,'6:45 AM'),
 ('Wazirabad Red Light',28.718843,77.220454,'8:16 AM'),
 ('Winsor Court',28.636659,77.366139,'7:12 AM'),
 ('Zor Bagh Metro Stn',28.586263,77.212271,'7:42 AM');
CREATE TABLE IF NOT EXISTS `table_bus` (
	`Location`	varchar ( 45 ) NOT NULL,
	`Bus Number`	varchar ( 45 ) NOT NULL,
	`Stop`	varchar ( 95 ) NOT NULL,
	PRIMARY KEY(`Stop`)
);
INSERT INTO `table_bus` (Location,Bus Number,Stop) VALUES ('SAP Gurugram','4',' Purana bus addan  ( Below Flyover)'),
 ('SAP Gurugram','2','32nd Mile Stone'),
 ('SAP Gurugram','9','Addheria Mor'),
 ('SAP Gurugram','7','Ajrondha '),
 ('SAP Gurugram','7','Ankhir chowk'),
 ('SAP Gurugram','9','Anupam Appts'),
 ('SAP Gurugram','7','Aryasamaj Mode(Milan Restaurant)'),
 ('SAP Gurugram','10','Ashram Red Light'),
 ('SAP Gurugram','1','Atul Kataria Cwk'),
 ('SAP Gurugram','8','Badarpur '),
 ('SAP Gurugram','7','Badkal turn '),
 ('SAP Gurugram','1','Basai Chowk'),
 ('SAP Gurugram','7','Bata chowk'),
 ('SAP Gurugram','10','Ber Sarai ( Market)'),
 ('SAP Gurugram','5','Between IMT & Devilal Park'),
 ('SAP Gurugram','9','Bhairav Mandir'),
 ('SAP Gurugram','10','Bhika Ji Kama Place (Subway)'),
 ('SAP Gurugram','5','Blossom /C-1'),
 ('SAP Gurugram','10','Bus Stop ( RK Puram)'),
 ('SAP Gurugram','9','Chirag Delhi'),
 ('SAP Gurugram','13','Civil Lines Metro Station'),
 ('SAP Gurugram','12','Commissioner Office Sector 17'),
 ('SAP Gurugram','6','Cresent Appts '),
 ('SAP Gurugram','14','Dilshad Garden Metro Station'),
 ('SAP Gurugram','5','DLF Phase V'),
 ('SAP Gurugram','10','DLTA'),
 ('SAP Gurugram','16','DPS Chowk'),
 ('SAP Gurugram','9','Ekta Apartments'),
 ('SAP Gurugram','3','Essel Tower (iffco Chowk)'),
 ('SAP Gurugram','8','Gaur Chowk (Kisan chowk)'),
 ('SAP Gurugram','5','Gold Souk'),
 ('SAP Gurugram','12','Goodwill Apartment Sector 13'),
 ('SAP Gurugram','15','Hari Nagar'),
 ('SAP Gurugram','14','Hasanpur Depo after Redlight'),
 ('SAP Gurugram','16','Indrapuram '),
 ('SAP Gurugram','16','Indrapuram Public School'),
 ('SAP Gurugram','11','Janakpuri D-block bus stop'),
 ('SAP Gurugram','13','Jhandewalan Metro station '),
 ('SAP Gurugram','3','JMD Tower'),
 ('SAP Gurugram','8','Kalindi Kunj'),
 ('SAP Gurugram','9','Kalka Ji (Under Nehru Pl Fly Over after red light)'),
 ('SAP Gurugram','10','Lajpat Nagar'),
 ('SAP Gurugram','12','Lal Path Labs Sector-18'),
 ('SAP Gurugram','13','Laxmi Bai College'),
 ('SAP Gurugram','14','Laxmi Nagar  (After Redlight)'),
 ('SAP Gurugram','14','Laxmi Nagar Red Light'),
 ('SAP Gurugram','12','Madhuban Chowk'),
 ('SAP Gurugram','10','Maharani Bagh'),
 ('SAP Gurugram','12','Manav Vihar Sector 15'),
 ('SAP Gurugram','16','Mangal Chowk'),
 ('SAP Gurugram','6','Manglapuri '),
 ('SAP Gurugram','1','Mata Road CRPF Camp'),
 ('SAP Gurugram','1','Mata Road Opp. Dev Restuarent'),
 ('SAP Gurugram','14','Mayur Vihar - 1, Main Road '),
 ('SAP Gurugram','14','Mayur Vihar - 2, Red Light'),
 ('SAP Gurugram','3','MDI Chowk Bata Showroom'),
 ('SAP Gurugram','11','Meera Bagh Stands'),
 ('SAP Gurugram','9','Mehrauli'),
 ('SAP Gurugram','3','MG Road metro Stn'),
 ('SAP Gurugram','10','Mohamaedpur Bus Stop'),
 ('SAP Gurugram','4','Mohan Nagar(Red Light Chowk)'),
 ('SAP Gurugram','14','Mother Dairy Redlight'),
 ('SAP Gurugram','15','Moti Nagar'),
 ('SAP Gurugram','15','Moti Nagar Fun Cinema'),
 ('SAP Gurugram','12','Myapuri Chowk'),
 ('SAP Gurugram','13','Nangia Park Chowk '),
 ('SAP Gurugram','4','Naya Bus Adda (Merut Mode)'),
 ('SAP Gurugram','6','Near Metro Line Sector-13'),
 ('SAP Gurugram','14','Nirman Vihar Metro Stn (Redlight)'),
 ('SAP Gurugram','14','Noida More Flyover'),
 ('SAP Gurugram','7','Old Faridabad'),
 ('SAP Gurugram','7','Pahari '),
 ('SAP Gurugram','5','Palam Vihar -Vyapar Kendra'),
 ('SAP Gurugram','5','Palam Vihar (Near Rana Properties)'),
 ('SAP Gurugram','11','Pankha road Uttam nagar more'),
 ('SAP Gurugram','17','Paramount Floraville,Sector-137,Expressway,Noida.'),
 ('SAP Gurugram','5','Park Plaza Round About'),
 ('SAP Gurugram','15','Patel Nagar Thana'),
 ('SAP Gurugram','16','Peeple Chowk'),
 ('SAP Gurugram','11','Peeragahri Chowk'),
 ('SAP Gurugram','11','Peeragahri Depot'),
 ('SAP Gurugram','13','Pitam Pura TV Tower'),
 ('SAP Gurugram','12','Prashant Vihar'),
 ('SAP Gurugram','14','Preet Vihar(Bus Stop)'),
 ('SAP Gurugram','13','Pulbangash Red Light'),
 ('SAP Gurugram','9','Punj Sons'),
 ('SAP Gurugram','12','Punjabi Bagh'),
 ('SAP Gurugram','9','PVR'),
 ('SAP Gurugram','12','Raja Garden'),
 ('SAP Gurugram','2','Ramada hotel '),
 ('SAP Gurugram','14','Ramprasth (underpass)'),
 ('SAP Gurugram','12','Rani Bagh'),
 ('SAP Gurugram','17','Round about'),
 ('SAP Gurugram','14','Safdurjung Enclave Stadium'),
 ('SAP Gurugram','15','Sagarpur Hanuman Mandir'),
 ('SAP Gurugram','14','Sai Baba Mandir '),
 ('SAP Gurugram','7','Sainik colony'),
 ('SAP Gurugram','14','Samachar apt.'),
 ('SAP Gurugram','15','Santoshi Mata Mandir(Jail Road)'),
 ('SAP Gurugram','8','Sarita Vihar'),
 ('SAP Gurugram','9','Savitri'),
 ('SAP Gurugram','6','Sec 21 Garden Estate (Metro STN)'),
 ('SAP Gurugram','6','Sec 22,23  (After Red Light)'),
 ('SAP Gurugram','17','Sec-110 Market'),
 ('SAP Gurugram','5','Sec-22 Mkt Mother Dairy'),
 ('SAP Gurugram','2','Sec-56 (CNG Pump)'),
 ('SAP Gurugram','8','Sector - 25 Spice Mall'),
 ('SAP Gurugram','8','Sector - 25A'),
 ('SAP Gurugram','8','Sector - 27'),
 ('SAP Gurugram','8','Sector - 39 (Near Golf Course)'),
 ('SAP Gurugram','8','Sector - 50(shurbhi Hospital)'),
 ('SAP Gurugram','8','Sector - 51 (Near Kendriya Vihar)'),
 ('SAP Gurugram','3','Sector -17 Opp. Saini Restuarent'),
 ('SAP Gurugram','1','Sector 10 A Gurgaon'),
 ('SAP Gurugram','17','Sector 100- Lotus boulevard'),
 ('SAP Gurugram','2','Sector 40 Market'),
 ('SAP Gurugram','12','Sector 7 Geeta Ratan Jindal School'),
 ('SAP Gurugram','17','Sector 76 - Amraplai silicon city red-light'),
 ('SAP Gurugram','6','Sector 9 School'),
 ('SAP Gurugram','6','Sector 9 SFS Flats'),
 ('SAP Gurugram','1','Sector-14 Market Om Sweets'),
 ('SAP Gurugram','2','Sector-15 (jhadsa Chowk)'),
 ('SAP Gurugram','3','Sector-17 Main Gate'),
 ('SAP Gurugram','3','Sector-17C Last Gate'),
 ('SAP Gurugram','6','Sector-19 Crossing'),
 ('SAP Gurugram','5','Sector-23 (Swiss Cottage School Road)'),
 ('SAP Gurugram','2','Sector-30 Jalvayu Tower'),
 ('SAP Gurugram','6','Sector-4 Delhi EPDP Appts'),
 ('SAP Gurugram','6','Sector-4 Om Satyam Appts.'),
 ('SAP Gurugram','1','Sector-4 Police Check Post'),
 ('SAP Gurugram','6','Sector-5 Hind Appts.'),
 ('SAP Gurugram','6','Sector-5 Market (Pizza Hut)'),
 ('SAP Gurugram','6','Sector-6 Market Canara Bank'),
 ('SAP Gurugram','6','Sector-7 (End of Flyover SFS Flats)'),
 ('SAP Gurugram','1','Sector-7 Round About'),
 ('SAP Gurugram','9','Select City Mall'),
 ('SAP Gurugram','16','Shanti Gopal Hospital'),
 ('SAP Gurugram','5','Sheetla Properties'),
 ('SAP Gurugram','9','Sheikh Sarai'),
 ('SAP Gurugram','16','Shipra Rivera'),
 ('SAP Gurugram','2','Shivam Hospital'),
 ('SAP Gurugram','14','Shyam Lal College, Shahdara'),
 ('SAP Gurugram','3','Sikanderpur Metro Stn.'),
 ('SAP Gurugram','2','Sohna road subhash chowk(End Of flyover)'),
 ('SAP Gurugram','6','Sri Venkateshwara School'),
 ('SAP Gurugram','10','Sufdurjung Hospital'),
 ('SAP Gurugram','11','Sunder Vihar'),
 ('SAP Gurugram','2','Sushant Estate -RD City'),
 ('SAP Gurugram','16','Swarn Jyanti Park'),
 ('SAP Gurugram','2','T Point Jharsa Road'),
 ('SAP Gurugram','5','T Point Old Delhi Road'),
 ('SAP Gurugram','15','Tagore Garden Metro Station'),
 ('SAP Gurugram','9','Tara Apartments'),
 ('SAP Gurugram','15','Tilak Nagar Metro Station'),
 ('SAP Gurugram','15','Tilak Nagar Police Station'),
 ('SAP Gurugram','4','Vaishali Metro'),
 ('SAP Gurugram','7','Valley View'),
 ('SAP Gurugram','10','Vasant Kunj (Church)'),
 ('SAP Gurugram','10','Vasant Kunj (Fab India)'),
 ('SAP Gurugram','10','Vasant Kunj (Fortis Hospital)/B-1'),
 ('SAP Gurugram','10','Vasant Kunj (Suncity Mall)'),
 ('SAP Gurugram','10','Vasant Vihar (Near Vasant Cont. Road)'),
 ('SAP Gurugram','4','Vasundhara (Indrapuram Mode)'),
 ('SAP Gurugram','4','Vasundhara Mandi'),
 ('SAP Gurugram','11','Vikaspuri '),
 ('SAP Gurugram','11','Vikaspuri Gurdwara'),
 ('SAP Gurugram','11','Vikaspuri Radhakrishan Mandir'),
 ('SAP Gurugram','13','Vishwa Vidyalaya (INS Hostel Bus Stand)'),
 ('SAP Gurugram','17','Vivek Vihar - Sec 82'),
 ('SAP Gurugram','14','Vivek Vihar Red Light'),
 ('SAP Gurugram','2','Wazirabad Red Light'),
 ('SAP Gurugram','16','Winsor Court'),
 ('SAP Gurugram','14','Zor Bagh Metro Stn');
CREATE TABLE IF NOT EXISTS `lorem` (
	`info`	TEXT
);
INSERT INTO `lorem` (info) VALUES ('Ipsum 0'),
 ('Ipsum 1'),
 ('Ipsum 2'),
 ('Ipsum 3'),
 ('Ipsum 4'),
 ('Ipsum 5'),
 ('Ipsum 6'),
 ('Ipsum 7'),
 ('Ipsum 8'),
 ('Ipsum 9');
COMMIT;
